Gender,Married,Dependents,Education,Self_Employed,ApplicantIncome,CoapplicantIncome,LoanAmount,Loan_Amount_Term,Credit_History,Property_Area,Loan_Status,LoanAmount_log,TotalIncome,TotalIncome_log
1,0,0,0,0,5849,0.0,146.41216216216216,360.0,1.0,2,1,4.986425672954842,5849.0,8.674025985443025
1,1,1,0,0,4583,1508.0,128.0,360.0,1.0,0,0,4.852030263919617,6091.0,8.714567550836485
1,1,0,0,1,3000,0.0,66.0,360.0,1.0,2,1,4.189654742026425,3000.0,8.006367567650246
1,1,0,1,0,2583,2358.0,120.0,360.0,1.0,2,1,4.787491742782046,4941.0,8.50532301884575
1,0,0,0,0,6000,0.0,141.0,360.0,1.0,2,1,4.948759890378168,6000.0,8.699514748210191
1,1,2,0,1,5417,4196.0,267.0,360.0,1.0,2,1,5.58724865840025,9613.0,9.170871628065816
1,1,0,1,0,2333,1516.0,95.0,360.0,1.0,2,1,4.553876891600541,3849.0,8.255568653283746
1,1,3,0,0,3036,2504.0,158.0,360.0,0.0,1,0,5.062595033026967,5540.0,8.61974977974133
1,1,2,0,0,4006,1526.0,168.0,360.0,1.0,2,1,5.123963979403259,5532.0,8.61830469278465
1,1,1,0,0,12841,10968.0,349.0,360.0,1.0,1,0,5.855071922202427,23809.0,10.077818939438902
1,1,2,0,0,3200,700.0,70.0,360.0,1.0,2,1,4.248495242049359,3900.0,8.268731832117737
1,1,2,0,0,2500,1840.0,109.0,360.0,1.0,2,1,4.6913478822291435,4340.0,8.375629627094451
1,1,2,0,0,3073,8106.0,200.0,360.0,1.0,2,1,5.298317366548036,11179.0,9.321792297270326
1,0,0,0,0,1853,2840.0,114.0,360.0,1.0,0,0,4.736198448394496,4693.0,8.453827315794417
1,1,2,0,0,1299,1086.0,17.0,120.0,1.0,2,1,2.833213344056216,2385.0,7.776954403322442
1,0,0,0,0,4950,0.0,125.0,360.0,1.0,2,1,4.8283137373023015,4950.0,8.507142855562735
1,0,1,1,0,3596,0.0,100.0,240.0,1.0,2,1,4.605170185988092,3596.0,8.18757739559151
0,0,0,0,0,3510,0.0,76.0,360.0,0.0,2,0,4.330733340286331,3510.0,8.163371316459912
1,1,0,1,0,4887,0.0,133.0,360.0,1.0,0,0,4.890349128221754,4887.0,8.494333897270154
1,1,0,0,0,2600,3500.0,115.0,360.0,1.0,2,1,4.74493212836325,6100.0,8.716044050161402
1,1,0,1,0,7660,0.0,104.0,360.0,0.0,2,0,4.6443908991413725,7660.0,8.943767262734637
1,1,1,0,0,5955,5625.0,315.0,360.0,1.0,2,1,5.752572638825633,11580.0,9.357034751126987
1,1,0,1,0,2600,1911.0,116.0,360.0,0.0,1,0,4.7535901911063645,4511.0,8.414274137408396
1,1,2,1,0,3365,1917.0,112.0,360.0,0.0,0,0,4.718498871295094,5282.0,8.572060092857077
1,1,1,0,0,3717,2925.0,151.0,360.0,1.0,1,0,5.017279836814924,6642.0,8.801168401936692
1,1,0,0,1,9560,0.0,191.0,360.0,1.0,1,1,5.25227342804663,9560.0,9.165343006045447
1,1,0,0,0,2799,2253.0,122.0,360.0,1.0,1,1,4.804021044733257,5052.0,8.527539483470381
1,1,2,1,0,4226,1040.0,110.0,360.0,1.0,2,1,4.700480365792417,5266.0,8.569026340056254
1,0,0,1,0,1442,0.0,35.0,360.0,1.0,2,0,3.5553480614894135,1442.0,7.273786317844895
0,0,2,0,0,3750,2083.0,120.0,360.0,1.0,1,1,4.787491742782046,5833.0,8.671286726753637
1,1,1,0,0,4166,3369.0,201.0,360.0,1.0,2,0,5.303304908059076,7535.0,8.927314111060596
1,0,0,0,0,3167,0.0,74.0,360.0,1.0,2,0,4.30406509320417,3167.0,8.06054004653864
1,0,1,0,1,4692,0.0,106.0,360.0,1.0,0,0,4.663439094112067,4692.0,8.453614209773367
1,1,0,0,0,3500,1667.0,114.0,360.0,1.0,1,1,4.736198448394496,5167.0,8.550047528287184
1,0,3,0,0,12500,3000.0,320.0,360.0,1.0,0,0,5.768320995793772,15500.0,9.648595302907339
1,1,0,0,0,2275,2067.0,146.41216216216216,360.0,1.0,2,1,4.986425672954842,4342.0,8.376090350438238
1,1,0,0,0,1828,1330.0,100.0,360.0,0.0,2,0,4.605170185988092,3158.0,8.057694194815587
0,1,0,0,0,3667,1459.0,144.0,360.0,1.0,1,1,4.969813299576001,5126.0,8.542080906924017
1,0,0,0,0,4166,7210.0,184.0,360.0,1.0,2,1,5.214935757608986,11376.0,9.339261152043022
1,0,0,1,0,3748,1668.0,110.0,360.0,1.0,1,1,4.700480365792417,5416.0,8.59711281459211
1,0,0,0,0,3600,0.0,80.0,360.0,1.0,2,0,4.382026634673881,3600.0,8.1886891244442
1,0,0,0,0,1800,1213.0,47.0,360.0,1.0,2,1,3.8501476017100584,3013.0,8.0106915391303
1,1,0,0,0,2400,0.0,75.0,360.0,1.0,2,1,4.31748811353631,2400.0,7.783224016336037
1,1,0,0,0,3941,2336.0,134.0,360.0,1.0,1,1,4.897839799950911,6277.0,8.744647438317532
1,1,0,1,1,4695,0.0,96.0,360.0,1.0,2,1,4.564348191467836,4695.0,8.454253391642363
0,0,0,0,0,3410,0.0,88.0,360.0,1.0,2,1,4.477336814478207,3410.0,8.134467570277563
1,1,1,0,0,5649,0.0,44.0,360.0,1.0,2,1,3.784189633918261,5649.0,8.639233817325263
1,1,0,0,0,5821,0.0,144.0,360.0,1.0,2,1,4.969813299576001,5821.0,8.669227347271736
0,1,0,0,0,2645,3440.0,120.0,360.0,0.0,2,0,4.787491742782046,6085.0,8.713582005421628
0,0,0,0,0,4000,2275.0,144.0,360.0,1.0,1,1,4.969813299576001,6275.0,8.744328763999984
0,1,0,1,0,1928,1644.0,100.0,360.0,1.0,1,1,4.605170185988092,3572.0,8.18088094199639
0,0,0,0,0,3086,0.0,120.0,360.0,1.0,1,1,4.787491742782046,3086.0,8.034631032923107
0,0,0,0,0,4230,0.0,112.0,360.0,1.0,1,0,4.718498871295094,4230.0,8.349957272040324
1,1,2,0,0,4616,0.0,134.0,360.0,1.0,2,0,4.897839799950911,4616.0,8.437283808187935
0,1,1,0,1,11500,0.0,286.0,360.0,0.0,2,0,5.655991810819852,11500.0,9.350102314351341
1,1,2,0,0,2708,1167.0,97.0,360.0,1.0,1,1,4.574710978503383,3875.0,8.262300941787448
1,1,0,0,0,2132,1591.0,96.0,360.0,1.0,1,1,4.564348191467836,3723.0,8.222285073872717
1,1,0,0,0,3366,2200.0,135.0,360.0,1.0,0,0,4.90527477843843,5566.0,8.624431942085836
1,1,1,0,0,8080,2250.0,180.0,360.0,1.0,2,1,5.19295685089021,10330.0,9.242807562113684
1,1,2,1,0,3357,2859.0,144.0,360.0,1.0,2,1,4.969813299576001,6216.0,8.734881892047483
1,1,0,0,0,2500,3796.0,120.0,360.0,1.0,2,1,4.787491742782046,6296.0,8.74766979009724
1,1,3,0,0,3029,0.0,99.0,360.0,1.0,2,1,4.59511985013459,3029.0,8.015987811027237
1,1,0,1,1,2609,3449.0,165.0,180.0,0.0,0,0,5.10594547390058,6058.0,8.709134991587183
1,1,1,0,0,4945,0.0,146.41216216216216,360.0,0.0,0,0,4.986425672954842,4945.0,8.506132244056813
0,0,0,0,0,4166,0.0,116.0,360.0,0.0,1,0,4.7535901911063645,4166.0,8.334711621820917
1,1,0,0,0,5726,4595.0,258.0,360.0,1.0,1,0,5.552959584921617,10321.0,9.241935933565934
1,0,0,1,0,3200,2254.0,126.0,180.0,0.0,2,0,4.836281906951478,5454.0,8.604104563405533
1,1,1,0,0,10750,0.0,312.0,360.0,1.0,2,1,5.7430031878094825,10750.0,9.28266103355581
1,1,3,1,1,7100,0.0,125.0,60.0,1.0,2,1,4.8283137373023015,7100.0,8.867850063029406
0,0,0,0,0,4300,0.0,136.0,360.0,0.0,1,0,4.912654885736052,4300.0,8.366370301681654
1,1,0,0,0,3208,3066.0,172.0,360.0,1.0,2,1,5.147494476813453,6274.0,8.744169388750624
1,1,2,1,1,1875,1875.0,97.0,360.0,1.0,1,1,4.574710978503383,3750.0,8.229511118964457
1,0,0,0,0,3500,0.0,81.0,300.0,1.0,1,1,4.394449154672439,3500.0,8.160518247477505
1,1,3,1,0,4755,0.0,95.0,360.0,0.0,1,0,4.553876891600541,4755.0,8.46695197497949
1,1,3,0,1,5266,1774.0,187.0,360.0,1.0,1,1,5.231108616854587,7040.0,8.859363449152088
1,0,0,0,0,3750,0.0,113.0,480.0,1.0,2,0,4.727387818712341,3750.0,8.229511118964457
1,0,0,0,0,3750,4750.0,176.0,360.0,1.0,2,0,5.170483995038151,8500.0,9.047821442478408
1,1,1,0,1,1000,3022.0,110.0,360.0,1.0,2,0,4.700480365792417,4022.0,8.299534570332597
1,1,3,0,0,3167,4000.0,180.0,300.0,0.0,1,0,5.19295685089021,7167.0,8.877242435993919
1,1,3,1,1,3333,2166.0,130.0,360.0,1.0,1,1,4.867534450455582,5499.0,8.612321536507814
0,0,0,0,0,3846,0.0,111.0,360.0,1.0,1,1,4.709530201312334,3846.0,8.254788926148725
1,1,1,0,1,2395,0.0,146.41216216216216,360.0,1.0,1,1,4.986425672954842,2395.0,7.781138509845015
0,1,2,0,0,1378,1881.0,167.0,360.0,1.0,2,0,5.117993812416755,3259.0,8.089175678837561
1,1,0,0,0,6000,2250.0,265.0,360.0,1.0,1,0,5.579729825986222,8250.0,9.017968479328726
1,1,1,0,0,3988,0.0,50.0,240.0,1.0,2,1,3.912023005428146,3988.0,8.291045131081729
1,0,0,0,0,2366,2531.0,136.0,360.0,1.0,1,1,4.912654885736052,4897.0,8.496378051702317
1,1,2,1,0,3333,2000.0,99.0,360.0,1.0,1,1,4.59511985013459,5333.0,8.581669210600602
1,1,0,0,0,2500,2118.0,104.0,360.0,1.0,1,1,4.6443908991413725,4618.0,8.43771698991444
1,0,0,0,0,8566,0.0,210.0,360.0,1.0,2,1,5.3471075307174685,8566.0,9.055556158175316
1,1,0,0,0,5695,4167.0,175.0,360.0,1.0,1,1,5.1647859739235145,9862.0,9.196444266784072
1,1,0,0,0,2958,2900.0,131.0,360.0,1.0,1,1,4.875197323201151,5858.0,8.675563527387679
1,1,2,0,0,6250,5654.0,188.0,180.0,1.0,1,1,5.236441962829949,11904.0,9.384629757072872
1,1,2,1,0,3273,1820.0,81.0,360.0,1.0,2,1,4.394449154672439,5093.0,8.535622326884605
1,0,0,0,0,4133,0.0,122.0,360.0,1.0,1,1,4.804021044733257,4133.0,8.326758814511733
1,0,0,1,0,3620,0.0,25.0,120.0,1.0,1,1,3.2188758248682006,3620.0,8.194229304819817
1,0,0,0,0,6782,0.0,146.41216216216216,360.0,1.0,2,0,4.986425672954842,6782.0,8.822027322685583
0,1,0,0,0,2484,2302.0,137.0,360.0,1.0,1,1,4.919980925828125,4786.0,8.47345026846832
1,1,0,0,0,1977,997.0,50.0,360.0,1.0,1,1,3.912023005428146,2974.0,7.9976631270201
1,1,0,1,0,4188,0.0,115.0,180.0,1.0,1,1,4.74493212836325,4188.0,8.339978571990427
1,1,0,0,0,1759,3541.0,131.0,360.0,1.0,1,1,4.875197323201151,5300.0,8.575462099540212
1,1,2,1,0,4288,3263.0,133.0,180.0,1.0,2,1,4.890349128221754,7551.0,8.929435283803425
1,0,0,0,0,4843,3806.0,151.0,360.0,1.0,1,1,5.017279836814924,8649.0,9.065198986306513
1,1,0,0,0,13650,0.0,146.41216216216216,360.0,1.0,2,1,4.986425672954842,13650.0,9.521494800613105
1,1,0,0,0,4652,3583.0,146.41216216216216,360.0,1.0,1,1,4.986425672954842,8235.0,9.016148642611741
1,1,0,0,0,3816,754.0,160.0,360.0,1.0,2,1,5.075173815233827,4570.0,8.42726848388825
1,1,1,0,0,3052,1030.0,100.0,360.0,1.0,2,1,4.605170185988092,4082.0,8.31434234336979
1,1,2,0,0,11417,1126.0,225.0,360.0,1.0,2,1,5.41610040220442,12543.0,9.436918020024674
1,0,0,1,0,7333,0.0,120.0,360.0,1.0,0,0,4.787491742782046,7333.0,8.9001399880938
1,1,2,0,0,3800,3600.0,216.0,360.0,0.0,2,0,5.375278407684165,7400.0,8.909235279192261
1,1,3,1,0,2071,754.0,94.0,480.0,1.0,1,1,4.543294782270004,2825.0,7.946263643580541
1,0,0,0,0,5316,0.0,136.0,360.0,1.0,2,1,4.912654885736052,5316.0,8.578476419833136
0,1,0,0,0,2929,2333.0,139.0,360.0,1.0,1,1,4.9344739331306915,5262.0,8.568266461600238
1,1,0,1,0,3572,4114.0,152.0,360.0,0.0,0,0,5.0238805208462765,7686.0,8.94715577112479
0,0,1,0,1,7451,0.0,146.41216216216216,360.0,1.0,1,1,4.986425672954842,7451.0,8.916103530553727
1,0,0,0,0,5050,0.0,118.0,360.0,1.0,1,1,4.770684624465665,5050.0,8.527143522269405
1,1,1,0,0,14583,0.0,185.0,180.0,1.0,0,1,5.220355825078324,14583.0,9.587611745713565
0,1,0,0,0,3167,2283.0,154.0,360.0,1.0,1,1,5.0369526024136295,5450.0,8.60337088765729
1,1,1,0,0,2214,1398.0,85.0,360.0,1.0,2,1,4.442651256490317,3612.0,8.192016914536875
1,1,0,0,0,5568,2142.0,175.0,360.0,1.0,0,0,5.1647859739235145,7710.0,8.950273466557375
0,0,0,0,0,10408,0.0,259.0,360.0,1.0,2,1,5.556828061699537,10408.0,9.250330020192342
1,1,0,0,0,5667,2667.0,180.0,360.0,1.0,0,1,5.19295685089021,8334.0,9.0280988119824
0,0,0,0,0,4166,0.0,44.0,360.0,1.0,1,1,3.784189633918261,4166.0,8.334711621820917
0,0,0,0,0,2137,8980.0,137.0,360.0,0.0,1,1,4.919980925828125,11117.0,9.316230747233615
1,1,2,0,0,2957,0.0,81.0,360.0,1.0,1,1,4.394449154672439,2957.0,7.9919305198524775
1,1,0,1,0,4300,2014.0,194.0,360.0,1.0,0,1,5.267858159063328,6314.0,8.750524669117937
0,0,0,0,0,3692,0.0,93.0,360.0,1.0,0,1,4.532599493153256,3692.0,8.213923595622743
1,1,3,0,0,23803,0.0,370.0,360.0,1.0,0,1,5.91350300563827,23803.0,10.077566902136047
1,0,0,0,0,3865,1640.0,146.41216216216216,360.0,1.0,0,1,4.986425672954842,5505.0,8.61341204915678
1,1,1,0,1,10513,3850.0,160.0,180.0,0.0,2,0,5.075173815233827,14363.0,9.572410734431823
1,1,0,0,0,6080,2569.0,182.0,360.0,1.0,0,0,5.204006687076795,8649.0,9.065198986306513
1,0,0,0,1,20166,0.0,650.0,480.0,1.0,2,1,6.476972362889683,20166.0,9.91175329695316
1,0,0,0,0,2014,1929.0,74.0,360.0,1.0,2,1,4.30406509320417,3943.0,8.279697133877628
1,0,0,0,0,2718,0.0,70.0,360.0,1.0,1,1,4.248495242049359,2718.0,7.907651594711089
1,1,0,0,1,3459,0.0,25.0,120.0,1.0,1,1,3.2188758248682006,3459.0,8.148734808937169
1,0,0,0,0,4895,0.0,102.0,360.0,1.0,1,1,4.624972813284271,4895.0,8.49596955496461
1,1,3,0,0,4000,7750.0,290.0,360.0,1.0,1,0,5.66988092298052,11750.0,9.371608519572305
0,1,0,0,0,4583,0.0,84.0,360.0,1.0,0,0,4.430816798843313,4583.0,8.430109084509125
1,1,2,0,1,3316,3500.0,88.0,360.0,1.0,2,1,4.477336814478207,6816.0,8.827028068509152
1,0,0,0,0,14999,0.0,242.0,360.0,0.0,1,0,5.488937726156687,14999.0,9.61573881119536
1,1,2,1,0,4200,1430.0,129.0,360.0,1.0,0,0,4.859812404361672,5630.0,8.635864721133736
1,1,2,0,0,5042,2083.0,185.0,360.0,1.0,0,0,5.220355825078324,7125.0,8.871365005136852
1,0,0,0,0,5417,0.0,168.0,360.0,1.0,2,1,5.123963979403259,5417.0,8.597297435657898
1,0,0,0,1,6950,0.0,175.0,180.0,1.0,1,1,5.1647859739235145,6950.0,8.846496938558838
1,1,0,0,0,2698,2034.0,122.0,360.0,1.0,1,1,4.804021044733257,4732.0,8.462103225098277
1,1,2,0,0,11757,0.0,187.0,180.0,1.0,2,1,5.231108616854587,11757.0,9.372204086867741
0,1,0,0,0,2330,4486.0,100.0,360.0,1.0,1,1,4.605170185988092,6816.0,8.827028068509152
0,1,2,0,0,14866,0.0,70.0,360.0,1.0,2,1,4.248495242049359,14866.0,9.60683200528524
1,1,1,0,0,1538,1425.0,30.0,360.0,1.0,2,1,3.4011973816621555,2963.0,7.993957547573565
0,0,0,0,0,10000,1666.0,225.0,360.0,1.0,0,0,5.41610040220442,11666.0,9.364433907313582
1,1,0,0,0,4860,830.0,125.0,360.0,1.0,1,1,4.8283137373023015,5690.0,8.646465527120377
1,0,0,0,0,6277,0.0,118.0,360.0,0.0,0,0,4.770684624465665,6277.0,8.744647438317532
1,1,0,0,1,2577,3750.0,152.0,360.0,1.0,0,1,5.0238805208462765,6327.0,8.752581469146884
1,0,0,0,0,9166,0.0,244.0,360.0,1.0,2,0,5.497168225293202,9166.0,9.123256265069069
1,1,2,1,0,2281,0.0,113.0,360.0,1.0,0,0,4.727387818712341,2281.0,7.732369222284388
1,0,0,0,0,3254,0.0,50.0,360.0,1.0,2,1,3.912023005428146,3254.0,8.087640287778983
1,1,3,0,0,39999,0.0,600.0,180.0,0.0,1,1,6.396929655216146,39999.0,10.596609732783568
1,1,1,0,0,6000,0.0,160.0,360.0,1.0,0,1,5.075173815233827,6000.0,8.699514748210191
1,1,1,0,0,9538,0.0,187.0,360.0,1.0,2,1,5.231108616854587,9538.0,9.16303909885817
1,0,0,0,0,2980,2083.0,120.0,360.0,1.0,0,1,4.787491742782046,5063.0,8.529714471969909
1,1,0,0,0,4583,5625.0,255.0,360.0,1.0,1,1,5.541263545158426,10208.0,9.23092700558457
1,1,0,1,0,1863,1041.0,98.0,360.0,1.0,1,1,4.584967478670572,2904.0,7.973844375944687
1,1,0,0,0,7933,0.0,275.0,360.0,1.0,2,0,5.616771097666572,7933.0,8.978786553302003
1,1,1,0,0,3089,1280.0,121.0,360.0,0.0,1,0,4.795790545596741,4369.0,8.382289428951436
1,1,2,0,0,4167,1447.0,158.0,360.0,1.0,0,1,5.062595033026967,5614.0,8.633018756921828
1,1,0,0,0,9323,0.0,75.0,180.0,1.0,2,1,4.31748811353631,9323.0,9.140239744296693
1,1,0,0,0,3707,3166.0,182.0,360.0,1.0,0,1,5.204006687076795,6873.0,8.835355971121606
0,1,0,0,0,4583,0.0,112.0,360.0,1.0,0,0,4.718498871295094,4583.0,8.430109084509125
1,1,0,0,0,2439,3333.0,129.0,360.0,1.0,0,1,4.859812404361672,5772.0,8.660773919893762
1,0,0,0,0,2237,0.0,63.0,480.0,0.0,1,0,4.143134726391533,2237.0,7.71289096149013
1,1,2,0,0,8000,0.0,200.0,360.0,1.0,1,1,5.298317366548036,8000.0,8.987196820661973
1,1,0,1,0,1820,1769.0,95.0,360.0,1.0,0,1,4.553876891600541,3589.0,8.185628891147607
1,1,3,0,0,51763,0.0,700.0,300.0,1.0,2,1,6.551080335043404,51763.0,10.854430887309706
1,1,3,1,0,3522,0.0,81.0,180.0,1.0,0,0,4.394449154672439,3522.0,8.166784289056151
1,1,0,0,0,5708,5625.0,187.0,360.0,1.0,1,1,5.231108616854587,11333.0,9.335474102732949
1,1,0,1,1,4344,736.0,87.0,360.0,1.0,1,0,4.465908118654584,5080.0,8.533066540572527
1,1,0,0,0,3497,1964.0,116.0,360.0,1.0,0,1,4.7535901911063645,5461.0,8.605387202152153
1,1,2,0,0,2045,1619.0,101.0,360.0,1.0,0,1,4.61512051684126,3664.0,8.20631072579402
1,1,3,0,0,5516,11300.0,495.0,360.0,0.0,1,0,6.20455776256869,16816.0,9.730086093116732
1,1,1,0,0,3750,0.0,116.0,360.0,1.0,1,1,4.7535901911063645,3750.0,8.229511118964457
1,0,0,1,0,2333,1451.0,102.0,480.0,0.0,2,0,4.624972813284271,3784.0,8.238536930171769
1,1,1,0,0,6400,7250.0,180.0,360.0,0.0,2,0,5.19295685089021,13650.0,9.521494800613105
1,0,0,0,0,1916,5063.0,67.0,360.0,1.0,0,0,4.204692619390966,6979.0,8.850660919017152
1,1,0,0,0,4600,0.0,73.0,180.0,1.0,1,1,4.290459441148391,4600.0,8.433811582477187
1,1,1,0,0,33846,0.0,260.0,360.0,1.0,1,0,5.560681631015528,33846.0,10.429576102968031
0,1,0,0,0,3625,0.0,108.0,360.0,1.0,1,1,4.68213122712422,3625.0,8.195609567288775
1,1,0,0,1,39147,4750.0,120.0,360.0,1.0,1,1,4.787491742782046,43897.0,10.689601259598334
1,1,1,0,1,2178,0.0,66.0,300.0,0.0,0,0,4.189654742026425,2178.0,7.686162303492906
1,1,0,0,0,2383,2138.0,58.0,360.0,1.0,0,1,4.060443010546419,4521.0,8.416488487294606
1,1,0,0,1,674,5296.0,168.0,360.0,1.0,0,1,5.123963979403259,5970.0,8.694502206386648
1,1,0,0,0,9328,0.0,188.0,180.0,1.0,0,1,5.236441962829949,9328.0,9.140775908590273
1,0,0,1,0,4885,0.0,48.0,360.0,1.0,0,1,3.871201010907891,4885.0,8.493924564476883
1,0,0,0,0,12000,0.0,164.0,360.0,1.0,1,0,5.099866427824199,12000.0,9.392661928770137
1,1,0,1,0,6033,0.0,160.0,360.0,1.0,2,0,5.075173815233827,6033.0,8.704999678440762
1,0,0,0,0,3858,0.0,76.0,360.0,1.0,1,1,4.330733340286331,3858.0,8.257904193465674
1,0,0,0,0,4191,0.0,120.0,360.0,1.0,0,1,4.787491742782046,4191.0,8.340694647925071
1,1,1,0,0,3125,2583.0,170.0,360.0,1.0,1,0,5.135798437050262,5708.0,8.649623978596727
1,0,0,0,0,8333,3750.0,187.0,360.0,1.0,0,1,5.231108616854587,12083.0,9.399554785027307
0,0,0,1,0,1907,2365.0,120.0,360.0,1.0,2,1,4.787491742782046,4272.0,8.35983738064003
0,1,0,0,0,3416,2816.0,113.0,360.0,1.0,1,1,4.727387818712341,6232.0,8.737452587550584
1,0,0,0,1,11000,0.0,83.0,360.0,1.0,2,0,4.418840607796598,11000.0,9.305650551780507
1,1,1,1,0,2600,2500.0,90.0,360.0,1.0,1,1,4.499809670330265,5100.0,8.536995818712418
1,0,2,0,0,4923,0.0,166.0,360.0,0.0,1,1,5.111987788356544,4923.0,8.5016733797582
1,1,3,1,0,3992,0.0,146.41216216216216,180.0,1.0,2,0,4.986425672954842,3992.0,8.292047637431354
1,1,1,1,0,3500,1083.0,135.0,360.0,1.0,2,1,4.90527477843843,4583.0,8.430109084509125
1,1,2,1,0,3917,0.0,124.0,360.0,1.0,1,1,4.820281565605037,3917.0,8.27308133366583
0,0,0,1,0,4408,0.0,120.0,360.0,1.0,1,1,4.787491742782046,4408.0,8.391176350832751
0,0,0,0,0,3244,0.0,80.0,360.0,1.0,2,1,4.382026634673881,3244.0,8.084562415235304
1,0,0,1,0,3975,2531.0,55.0,360.0,1.0,0,1,4.007333185232471,6506.0,8.780480107033297
1,0,0,0,0,2479,0.0,59.0,360.0,1.0,2,1,4.07753744390572,2479.0,7.8156105320351905
1,0,0,0,0,3418,0.0,127.0,360.0,1.0,1,0,4.844187086458591,3418.0,8.136810863675537
0,0,0,0,0,10000,0.0,214.0,360.0,1.0,1,0,5.365976015021851,10000.0,9.210340371976184
1,1,3,0,0,3430,1250.0,128.0,360.0,0.0,1,0,4.852030263919617,4680.0,8.451053388911692
1,1,1,0,1,7787,0.0,240.0,360.0,1.0,2,1,5.480638923341991,7787.0,8.960210955576986
1,1,3,1,1,5703,0.0,130.0,360.0,1.0,0,1,4.867534450455582,5703.0,8.648747631156539
1,1,0,0,0,3173,3021.0,137.0,360.0,1.0,2,1,4.919980925828125,6194.0,8.731336360533149
1,1,3,1,0,3850,983.0,100.0,360.0,1.0,1,1,4.605170185988092,4833.0,8.483222671845084
1,1,0,0,0,150,1800.0,135.0,360.0,1.0,0,0,4.90527477843843,1950.0,7.575584651557793
1,1,0,0,0,3727,1775.0,131.0,360.0,1.0,1,1,4.875197323201151,5502.0,8.61286694148452
1,1,2,0,0,5000,0.0,72.0,360.0,0.0,1,0,4.276666119016055,5000.0,8.517193191416238
0,1,2,0,0,4283,2383.0,127.0,360.0,1.0,1,1,4.844187086458591,6666.0,8.804775258867686
1,1,0,0,0,2221,0.0,60.0,360.0,0.0,2,0,4.0943445622221,2221.0,7.7057128238944275
1,1,2,0,0,4009,1717.0,116.0,360.0,1.0,1,1,4.7535901911063645,5726.0,8.65277248565806
1,0,0,0,0,2971,2791.0,144.0,360.0,1.0,1,1,4.969813299576001,5762.0,8.659039915644474
1,1,0,0,0,7578,1010.0,175.0,360.0,1.0,1,1,5.1647859739235145,8588.0,9.058121158998672
1,1,0,0,0,6250,0.0,128.0,360.0,1.0,1,1,4.852030263919617,6250.0,8.740336742730447
1,1,0,0,0,3250,0.0,170.0,360.0,1.0,0,0,5.135798437050262,3250.0,8.086410275323782
1,1,0,1,1,4735,0.0,138.0,360.0,1.0,2,0,4.927253685157205,4735.0,8.462737005620179
1,1,2,0,0,6250,1695.0,210.0,360.0,1.0,1,1,5.3471075307174685,7945.0,8.980298078970817
1,1,0,0,0,4758,0.0,158.0,480.0,1.0,1,1,5.062595033026967,4758.0,8.467582690862903
1,0,0,0,1,6400,0.0,200.0,360.0,1.0,0,1,5.298317366548036,6400.0,8.764053269347762
1,1,1,0,0,2491,2054.0,104.0,360.0,1.0,1,1,4.6443908991413725,4545.0,8.421783006611578
1,1,0,0,0,3716,0.0,42.0,180.0,1.0,0,1,3.7376696182833684,3716.0,8.22040309993373
1,0,0,1,0,3189,2598.0,120.0,360.0,1.0,0,1,4.787491742782046,5787.0,8.663369301573839
0,0,0,0,0,8333,0.0,280.0,360.0,1.0,1,1,5.634789603169249,8333.0,9.027978814382207
1,1,1,0,0,3155,1779.0,140.0,360.0,1.0,1,1,4.941642422609304,4934.0,8.503905297089302
1,1,1,0,0,5500,1260.0,170.0,360.0,1.0,0,1,5.135798437050262,6760.0,8.81877816903701
1,1,0,0,0,5746,0.0,255.0,360.0,1.0,2,0,5.541263545158426,5746.0,8.656259239539235
0,0,0,0,1,3463,0.0,122.0,360.0,1.0,2,1,4.804021044733257,3463.0,8.149890544402423
0,0,1,0,0,3812,0.0,112.0,360.0,1.0,0,1,4.718498871295094,3812.0,8.245909264774093
1,1,1,0,0,3315,0.0,96.0,360.0,1.0,1,1,4.564348191467836,3315.0,8.106212902619962
1,1,2,0,0,5819,5000.0,120.0,360.0,1.0,0,1,4.787491742782046,10819.0,9.289059126687574
1,1,1,1,0,2510,1983.0,140.0,180.0,1.0,2,0,4.941642422609304,4493.0,8.41027590907016
1,0,0,0,0,2965,5701.0,155.0,60.0,1.0,2,1,5.043425116919247,8666.0,9.067162602299854
1,1,2,0,1,6250,1300.0,108.0,360.0,1.0,0,1,4.68213122712422,7550.0,8.92930284224307
1,1,0,1,0,3406,4417.0,123.0,360.0,1.0,1,1,4.812184355372417,7823.0,8.96482339168508
1,0,0,0,1,6050,4333.0,120.0,180.0,1.0,2,0,4.787491742782046,10383.0,9.247925132303454
1,1,2,0,0,9703,0.0,112.0,360.0,1.0,2,1,4.718498871295094,9703.0,9.1801903950253
1,1,1,1,0,6608,0.0,137.0,180.0,1.0,2,1,4.919980925828125,6608.0,8.796036315200814
1,1,1,0,0,2882,1843.0,123.0,480.0,1.0,1,1,4.812184355372417,4725.0,8.460622839927844
1,1,0,0,0,1809,1868.0,90.0,360.0,1.0,2,1,4.499809670330265,3677.0,8.209852481301272
1,1,0,1,0,1668,3890.0,201.0,360.0,0.0,1,0,5.303304908059076,5558.0,8.62299361030245
0,0,2,0,0,3427,0.0,138.0,360.0,1.0,2,0,4.927253685157205,3427.0,8.139440521874608
1,0,0,1,1,2583,2167.0,104.0,360.0,1.0,0,1,4.6443908991413725,4750.0,8.465899897028686
1,1,1,1,0,2661,7101.0,279.0,180.0,1.0,1,1,5.631211781821365,9762.0,9.186252576447092
1,0,0,0,1,16250,0.0,192.0,360.0,0.0,2,0,5.2574953720277815,16250.0,9.695848187757884
0,0,3,0,0,3083,0.0,255.0,360.0,1.0,0,1,5.541263545158426,3083.0,8.03365842788615
1,0,0,1,0,6045,0.0,115.0,360.0,0.0,0,0,4.74493212836325,6045.0,8.706986763048892
1,1,3,0,0,5250,0.0,94.0,360.0,1.0,2,0,4.543294782270004,5250.0,8.565983355585669
1,1,0,0,0,14683,2100.0,304.0,360.0,1.0,0,0,5.717027701406222,16783.0,9.72812174830818
1,1,3,1,0,4931,0.0,128.0,360.0,1.0,1,0,4.852030263919617,4931.0,8.503297086224126
1,1,1,0,0,6083,4250.0,330.0,360.0,1.0,2,1,5.799092654460526,10333.0,9.243097936214355
1,0,0,0,0,2060,2209.0,134.0,360.0,1.0,1,1,4.897839799950911,4269.0,8.359134886757962
0,0,1,0,0,3481,0.0,155.0,36.0,1.0,1,0,5.043425116919247,3481.0,8.15507488781144
0,0,0,0,0,7200,0.0,120.0,360.0,1.0,0,1,4.787491742782046,7200.0,8.881836305004146
1,0,0,0,1,5166,0.0,128.0,360.0,1.0,1,1,4.852030263919617,5166.0,8.549853973655786
1,0,0,0,0,4095,3447.0,151.0,360.0,1.0,0,1,5.017279836814924,7542.0,8.928242677818302
1,1,2,0,0,4708,1387.0,150.0,360.0,1.0,1,1,5.0106352940962555,6095.0,8.715224041915372
1,1,3,0,0,4333,1811.0,160.0,360.0,0.0,2,1,5.075173815233827,6144.0,8.723231274827508
0,0,0,0,0,3418,0.0,135.0,360.0,1.0,0,0,4.90527477843843,3418.0,8.136810863675537
0,0,1,0,0,2876,1560.0,90.0,360.0,1.0,2,1,4.499809670330265,4436.0,8.397508348470257
0,0,0,0,0,3237,0.0,30.0,360.0,1.0,2,1,3.4011973816621555,3237.0,8.082402253926244
1,1,0,0,0,11146,0.0,136.0,360.0,1.0,2,1,4.912654885736052,11146.0,9.318835968129482
1,0,0,0,0,2833,1857.0,126.0,360.0,1.0,0,1,4.836281906951478,4690.0,8.453187861440325
1,1,0,0,0,2620,2223.0,150.0,360.0,1.0,1,1,5.0106352940962555,4843.0,8.48528964240323
1,1,2,0,0,3900,0.0,90.0,360.0,1.0,1,1,4.499809670330265,3900.0,8.268731832117737
1,1,1,0,0,2750,1842.0,115.0,360.0,1.0,1,1,4.74493212836325,4592.0,8.432070937999402
1,1,0,0,0,3993,3274.0,207.0,360.0,1.0,1,1,5.332718793265369,7267.0,8.891098830616636
1,1,0,0,0,3103,1300.0,80.0,360.0,1.0,2,1,4.382026634673881,4403.0,8.390041405755754
1,1,0,0,0,14583,0.0,436.0,360.0,1.0,1,1,6.077642243349034,14583.0,9.587611745713565
0,1,0,1,0,4100,0.0,124.0,360.0,1.0,0,1,4.820281565605037,4100.0,8.318742252692399
1,0,1,1,1,4053,2426.0,158.0,360.0,0.0,2,0,5.062595033026967,6479.0,8.776321456449958
1,1,0,0,0,3927,800.0,112.0,360.0,1.0,1,1,4.718498871295094,4727.0,8.461046030793236
1,1,2,0,0,2301,985.7999877999998,78.0,180.0,1.0,2,1,4.356708826689592,3286.7999878,8.097669722345216
0,0,0,0,0,1811,1666.0,54.0,360.0,1.0,2,1,3.9889840465642745,3477.0,8.153925132007862
1,1,0,0,0,20667,0.0,146.41216216216216,360.0,1.0,0,0,4.986425672954842,20667.0,9.936293504261306
1,0,0,0,0,3158,3053.0,89.0,360.0,1.0,0,1,4.48863636973214,6211.0,8.734077192559303
0,0,0,0,1,2600,1717.0,99.0,300.0,1.0,1,0,4.59511985013459,4317.0,8.370315995555478
1,1,0,0,0,3704,2000.0,120.0,360.0,1.0,0,1,4.787491742782046,5704.0,8.648922962094131
0,0,0,0,0,4124,0.0,115.0,360.0,1.0,1,1,4.74493212836325,4124.0,8.32457884513685
1,0,0,0,0,9508,0.0,187.0,360.0,1.0,0,1,5.231108616854587,9508.0,9.159888828480085
1,1,0,0,0,3075,2416.0,139.0,360.0,1.0,0,1,4.9344739331306915,5491.0,8.610865667278873
1,1,2,0,0,4400,0.0,127.0,360.0,0.0,1,0,4.844187086458591,4400.0,8.389359819906353
1,1,2,0,0,3153,1560.0,134.0,360.0,1.0,2,1,4.897839799950911,4713.0,8.45807992692373
0,0,0,0,0,5417,0.0,143.0,480.0,0.0,2,0,4.962844630259907,5417.0,8.597297435657898
1,1,0,0,0,2383,3334.0,172.0,360.0,1.0,1,1,5.147494476813453,5717.0,8.651199471263972
1,1,3,0,0,4416,1250.0,110.0,360.0,1.0,2,1,4.700480365792417,5666.0,8.642238680390461
1,1,1,0,0,6875,0.0,200.0,360.0,1.0,1,1,5.298317366548036,6875.0,8.835646922534773
0,1,1,0,0,4666,0.0,135.0,360.0,1.0,2,1,4.90527477843843,4666.0,8.448057452581375
0,0,0,0,0,5000,2541.0,151.0,480.0,1.0,0,0,5.017279836814924,7541.0,8.928110078202646
1,1,1,0,0,2014,2925.0,113.0,360.0,1.0,2,0,4.727387818712341,4939.0,8.504918160540624
1,1,0,1,0,1800,2934.0,93.0,360.0,0.0,2,0,4.532599493153256,4734.0,8.46252579007393
1,1,0,1,0,2875,1750.0,105.0,360.0,1.0,1,1,4.653960350157523,4625.0,8.439231649946526
0,0,0,0,0,5000,0.0,132.0,360.0,1.0,0,1,4.882801922586371,5000.0,8.517193191416238
1,1,1,0,0,1625,1803.0,96.0,360.0,1.0,2,1,4.564348191467836,3428.0,8.13973227971767
1,0,0,0,0,4000,2500.0,140.0,360.0,1.0,0,1,4.941642422609304,6500.0,8.779557455883728
1,0,0,1,0,2000,0.0,146.41216216216216,360.0,1.0,2,0,4.986425672954842,2000.0,7.600902459542082
0,0,0,0,0,3762,1666.0,135.0,360.0,1.0,0,1,4.90527477843843,5428.0,8.59932602095476
0,0,0,0,0,2400,1863.0,104.0,360.0,0.0,2,0,4.6443908991413725,4263.0,8.35772841676521
1,0,0,0,0,20233,0.0,480.0,360.0,1.0,0,0,6.173786103901937,20233.0,9.915070213779195
1,1,2,1,0,7667,0.0,185.0,360.0,1.0,0,1,5.220355825078324,7667.0,8.944680683558895
0,0,0,0,0,2917,0.0,84.0,360.0,1.0,1,1,4.430816798843313,2917.0,7.978310969867722
1,0,0,1,0,2927,2405.0,111.0,360.0,1.0,1,1,4.709530201312334,5332.0,8.5814816812986
0,0,0,0,0,2507,0.0,56.0,360.0,1.0,0,1,4.02535169073515,2507.0,7.826842098158293
1,1,2,0,1,5746,0.0,144.0,84.0,1.0,0,1,4.969813299576001,5746.0,8.656259239539235
1,1,0,0,0,2473,1843.0,159.0,360.0,1.0,0,0,5.0689042022202315,4316.0,8.370084326378025
1,1,1,1,0,3399,1640.0,111.0,180.0,1.0,2,1,4.709530201312334,5039.0,8.524962928680598
1,1,2,0,0,3717,0.0,120.0,360.0,1.0,1,1,4.787491742782046,3717.0,8.220672170297252
1,1,0,0,0,2058,2134.0,88.0,360.0,1.0,2,1,4.477336814478207,4192.0,8.340933226000878
0,0,1,0,0,3541,0.0,112.0,360.0,1.0,1,1,4.718498871295094,3541.0,8.172164452111904
1,1,1,0,1,10000,0.0,155.0,360.0,1.0,0,0,5.043425116919247,10000.0,9.210340371976184
1,1,0,0,0,2400,2167.0,115.0,360.0,1.0,1,1,4.74493212836325,4567.0,8.426611813185
1,1,3,0,0,4342,189.0,124.0,360.0,1.0,1,1,4.820281565605037,4531.0,8.418697944667139
1,1,2,1,0,3601,1590.0,146.41216216216216,360.0,1.0,0,1,4.986425672954842,5191.0,8.55468163582723
0,0,0,0,0,3166,2985.0,132.0,360.0,1.0,0,1,4.882801922586371,6151.0,8.724369949208368
1,1,3,0,0,15000,0.0,300.0,360.0,1.0,0,1,5.703782474656201,15000.0,9.615805480084347
1,1,1,0,1,8666,4983.0,376.0,360.0,0.0,0,0,5.929589143389895,13649.0,9.521421537856195
1,0,0,0,0,4917,0.0,130.0,360.0,0.0,0,1,4.867534450455582,4917.0,8.50045386741194
1,1,0,0,1,5818,2160.0,184.0,360.0,1.0,1,1,5.214935757608986,7978.0,8.984443032465352
0,1,0,0,0,4333,2451.0,110.0,360.0,1.0,2,0,4.700480365792417,6784.0,8.822322177471738
0,0,0,0,0,2500,0.0,67.0,360.0,1.0,2,1,4.204692619390966,2500.0,7.824046010856292
1,0,1,0,0,4384,1793.0,117.0,360.0,1.0,2,1,4.762173934797756,6177.0,8.728587995695898
1,0,0,0,0,2935,0.0,98.0,360.0,1.0,1,1,4.584967478670572,2935.0,7.984462732262196
1,0,0,0,0,2833,0.0,71.0,360.0,1.0,2,1,4.2626798770413155,2833.0,7.949091499830517
1,1,0,0,0,63337,0.0,490.0,180.0,1.0,2,1,6.194405391104672,63337.0,11.05622495553552
1,1,1,0,1,9833,1833.0,182.0,180.0,1.0,2,1,5.204006687076795,11666.0,9.364433907313582
1,1,0,0,1,5503,4490.0,70.0,360.0,1.0,1,1,4.248495242049359,9993.0,9.209640126861789
1,1,1,0,0,5250,688.0,160.0,360.0,1.0,0,1,5.075173815233827,5938.0,8.689127655323706
1,1,2,0,1,2500,4600.0,176.0,360.0,1.0,0,1,5.170483995038151,7100.0,8.867850063029406
0,0,3,1,0,1830,0.0,146.41216216216216,360.0,0.0,2,0,4.986425672954842,1830.0,7.512071245835466
0,0,0,0,0,4160,0.0,71.0,360.0,1.0,1,1,4.2626798770413155,4160.0,8.333270353255308
1,1,3,1,0,2647,1587.0,173.0,360.0,1.0,0,0,5.153291594497779,4234.0,8.350902451694811
0,0,0,0,0,2378,0.0,46.0,360.0,1.0,0,0,3.828641396489095,2378.0,7.774015077250727
1,1,1,1,0,4554,1229.0,158.0,360.0,1.0,2,1,5.062595033026967,5783.0,8.662677858158219
1,1,3,1,0,3173,0.0,74.0,360.0,1.0,1,1,4.30406509320417,3173.0,8.062432791583195
1,1,2,0,0,2583,2330.0,125.0,360.0,1.0,0,1,4.8283137373023015,4913.0,8.499640032168648
1,1,0,0,0,2499,2458.0,160.0,360.0,1.0,1,1,5.075173815233827,4957.0,8.508555998020574
1,1,0,1,0,3523,3230.0,152.0,360.0,0.0,0,0,5.0238805208462765,6753.0,8.817742129574842
1,1,2,1,0,3083,2168.0,126.0,360.0,1.0,2,1,4.836281906951478,5251.0,8.566173813637858
1,1,0,0,0,6333,4583.0,259.0,360.0,1.0,1,1,5.556828061699537,10916.0,9.29798488182823
1,1,0,0,0,2625,6250.0,187.0,360.0,1.0,0,1,5.231108616854587,8875.0,9.090993614343617
1,1,0,0,0,9083,0.0,228.0,360.0,1.0,1,1,5.429345628954441,9083.0,9.114159813502214
1,0,0,0,0,8750,4167.0,308.0,360.0,1.0,0,0,5.730099782973574,12917.0,9.466299552232016
1,1,3,0,0,2666,2083.0,95.0,360.0,1.0,0,1,4.553876891600541,4749.0,8.465689348549121
0,1,0,0,1,5500,0.0,105.0,360.0,0.0,0,0,4.653960350157523,5500.0,8.612503371220562
0,1,0,0,0,2423,505.0,130.0,360.0,1.0,1,1,4.867534450455582,2928.0,7.982074875081202
0,0,0,0,0,3813,0.0,116.0,180.0,1.0,2,1,4.7535901911063645,3813.0,8.246171559857563
1,1,2,0,0,8333,3167.0,165.0,360.0,1.0,0,1,5.10594547390058,11500.0,9.350102314351341
1,1,1,0,0,3875,0.0,67.0,360.0,1.0,2,0,4.204692619390966,3875.0,8.262300941787448
1,1,0,1,0,3000,1666.0,100.0,480.0,0.0,2,0,4.605170185988092,4666.0,8.448057452581375
1,1,3,0,0,5167,3167.0,200.0,360.0,1.0,1,1,5.298317366548036,8334.0,9.0280988119824
0,0,1,0,0,4723,0.0,81.0,360.0,1.0,1,0,4.394449154672439,4723.0,8.460199469896118
1,1,2,0,0,5000,3667.0,236.0,360.0,1.0,1,1,5.4638318050256105,8667.0,9.067277989134345
1,1,0,0,0,4750,2333.0,130.0,360.0,1.0,2,1,4.867534450455582,7083.0,8.865452825753623
1,1,0,0,0,3013,3033.0,95.0,300.0,1.0,2,1,4.553876891600541,6046.0,8.707152175339404
1,0,0,0,1,6822,0.0,141.0,360.0,1.0,0,1,4.948759890378168,6822.0,8.82790796297859
1,0,0,1,0,6216,0.0,133.0,360.0,1.0,0,0,4.890349128221754,6216.0,8.734881892047483
1,0,0,0,0,2500,0.0,96.0,480.0,1.0,1,0,4.564348191467836,2500.0,7.824046010856292
1,0,0,0,0,5124,0.0,124.0,360.0,0.0,0,0,4.820281565605037,5124.0,8.541690663016626
1,1,1,0,0,6325,0.0,175.0,360.0,1.0,1,1,5.1647859739235145,6325.0,8.752265313595721
1,1,0,0,0,19730,5266.0,570.0,360.0,1.0,0,0,6.345636360828596,24996.0,10.126471091048971
0,0,0,0,1,15759,0.0,55.0,360.0,1.0,1,1,4.007333185232471,15759.0,9.665166909622071
1,1,2,0,0,5185,0.0,155.0,360.0,1.0,1,1,5.043425116919247,5185.0,8.553525120663627
1,1,2,0,1,9323,7873.0,380.0,300.0,1.0,0,1,5.940171252720432,17196.0,9.752432077616172
1,0,1,0,0,3062,1987.0,111.0,180.0,0.0,2,0,4.709530201312334,5049.0,8.526945482858915
0,0,0,0,0,2764,1459.0,110.0,360.0,1.0,2,1,4.700480365792417,4223.0,8.348301054933943
1,1,0,0,0,4817,923.0,120.0,180.0,1.0,2,1,4.787491742782046,5740.0,8.655214489313613
1,1,3,0,0,8750,4996.0,130.0,360.0,1.0,0,1,4.867534450455582,13746.0,9.52850315168155
1,1,0,0,0,4310,0.0,130.0,360.0,1.0,1,1,4.867534450455582,4310.0,8.368693183097793
1,0,0,0,0,3069,0.0,71.0,480.0,1.0,2,0,4.2626798770413155,3069.0,8.029107054619736
1,1,2,0,0,5391,0.0,130.0,360.0,1.0,2,1,4.867534450455582,5391.0,8.592486175451668
1,1,0,0,0,3333,2500.0,128.0,360.0,1.0,1,1,4.852030263919617,5833.0,8.671286726753637
1,0,0,0,0,5941,4232.0,296.0,360.0,1.0,1,1,5.69035945432406,10173.0,9.227492430793749
0,0,0,0,0,6000,0.0,156.0,360.0,1.0,2,1,5.049856007249537,6000.0,8.699514748210191
1,0,0,0,1,7167,0.0,128.0,360.0,1.0,2,1,4.852030263919617,7167.0,8.877242435993919
1,1,2,0,0,4566,0.0,100.0,360.0,1.0,2,0,4.605170185988092,4566.0,8.42639282708974
1,0,1,0,0,3667,0.0,113.0,180.0,1.0,2,1,4.727387818712341,3667.0,8.207129168071326
1,0,0,1,0,2346,1600.0,132.0,360.0,1.0,1,1,4.882801922586371,3946.0,8.28045768658256
1,1,0,1,0,3010,3136.0,146.41216216216216,360.0,0.0,2,0,4.986425672954842,6146.0,8.72355674269043
1,1,0,0,0,2333,2417.0,136.0,360.0,1.0,2,1,4.912654885736052,4750.0,8.465899897028686
1,1,0,0,0,5488,0.0,125.0,360.0,1.0,0,1,4.8283137373023015,5488.0,8.610319169405722
1,0,3,0,0,9167,0.0,185.0,360.0,1.0,0,1,5.220355825078324,9167.0,9.123365357961776
1,1,3,0,0,9504,0.0,275.0,360.0,1.0,0,1,5.616771097666572,9504.0,9.159468041602427
1,1,0,0,0,2583,2115.0,120.0,360.0,1.0,2,1,4.787491742782046,4698.0,8.454892165218858
1,1,2,1,0,1993,1625.0,113.0,180.0,1.0,1,1,4.727387818712341,3618.0,8.193676665955241
1,1,2,0,0,3100,1400.0,113.0,360.0,1.0,2,1,4.727387818712341,4500.0,8.411832675758411
1,1,2,0,0,3276,484.0,135.0,360.0,1.0,1,1,4.90527477843843,3760.0,8.23217423638394
0,0,0,0,0,3180,0.0,71.0,360.0,0.0,2,0,4.2626798770413155,3180.0,8.064636475774222
1,1,0,0,0,3033,1459.0,95.0,360.0,1.0,2,1,4.553876891600541,4492.0,8.410053315858335
1,0,0,1,0,3902,1666.0,109.0,360.0,1.0,0,1,4.6913478822291435,5568.0,8.624791202014256
0,0,0,0,0,1500,1800.0,103.0,360.0,0.0,1,0,4.634728988229636,3300.0,8.101677747454572
1,1,2,1,0,2889,0.0,45.0,180.0,0.0,2,0,3.8066624897703196,2889.0,7.968665700466235
1,0,0,1,0,2755,0.0,65.0,300.0,1.0,0,0,4.174387269895637,2755.0,7.9211727215870145
1,0,0,0,0,2500,20000.0,103.0,360.0,1.0,1,1,4.634728988229636,22500.0,10.021270588192511
0,0,0,1,0,1963,0.0,53.0,360.0,1.0,1,1,3.970291913552122,1963.0,7.5822291942764615
0,0,0,0,1,7441,0.0,194.0,360.0,1.0,0,0,5.267858159063328,7441.0,8.914760527397261
0,0,0,0,0,4547,0.0,115.0,360.0,1.0,1,1,4.74493212836325,4547.0,8.42222295382501
1,1,0,1,0,2167,2400.0,115.0,360.0,1.0,2,1,4.74493212836325,4567.0,8.426611813185
0,0,0,1,0,2213,0.0,66.0,360.0,1.0,0,1,4.189654742026425,2213.0,7.70210434005105
1,1,1,0,0,8300,0.0,152.0,300.0,0.0,1,0,5.0238805208462765,8300.0,9.02401079378469
1,1,3,0,0,81000,0.0,360.0,360.0,0.0,0,0,5.886104031450156,81000.0,11.302204433654575
0,0,1,1,1,3867,0.0,62.0,360.0,1.0,1,0,4.127134385045092,3867.0,8.260234291607297
1,1,0,0,0,6256,0.0,160.0,360.0,1.0,2,1,5.075173815233827,6256.0,8.741296282225147
1,1,0,1,0,6096,0.0,218.0,360.0,0.0,0,0,5.384495062789089,6096.0,8.715388097366482
1,1,0,1,0,2253,2033.0,110.0,360.0,1.0,0,1,4.700480365792417,4286.0,8.363109176033522
0,1,0,1,0,2149,3237.0,178.0,360.0,0.0,1,0,5.181783550292085,5386.0,8.591558273371545
0,0,0,0,0,2995,0.0,60.0,360.0,1.0,2,1,4.0943445622221,2995.0,8.00469951054955
0,0,1,0,0,2600,0.0,160.0,360.0,1.0,2,0,5.075173815233827,2600.0,7.8632667240095735
1,1,2,0,1,1600,20000.0,239.0,360.0,1.0,2,0,5.476463551931511,21600.0,9.980448593672257
1,1,0,0,0,1025,2773.0,112.0,360.0,1.0,0,1,4.718498871295094,3798.0,8.242229891372231
1,1,0,0,0,3246,1417.0,138.0,360.0,1.0,1,1,4.927253685157205,4663.0,8.44741429680832
1,1,0,0,0,5829,0.0,138.0,360.0,1.0,0,1,4.927253685157205,5829.0,8.67060073804555
0,0,0,1,0,2720,0.0,80.0,360.0,0.0,2,0,4.382026634673881,2720.0,7.908387159290043
1,1,0,0,0,1820,1719.0,100.0,360.0,1.0,2,1,4.605170185988092,3539.0,8.171599480345463
1,1,1,0,0,7250,1667.0,110.0,360.0,0.0,2,0,4.700480365792417,8917.0,9.095714846134879
1,1,0,0,0,14880,0.0,96.0,360.0,1.0,1,1,4.564348191467836,14880.0,9.607773308387083
1,1,0,0,0,2666,4300.0,121.0,360.0,1.0,0,1,4.795790545596741,6966.0,8.848796450925947
0,0,1,1,0,4606,0.0,81.0,360.0,1.0,0,0,4.394449154672439,4606.0,8.43511508038063
1,1,2,0,0,5935,0.0,133.0,360.0,1.0,1,1,4.890349128221754,5935.0,8.688622307043769
1,1,0,0,0,2920,16.12000084,87.0,360.0,1.0,0,1,4.465908118654584,2936.12000084,7.984844261119869
1,0,0,1,0,2717,0.0,60.0,180.0,1.0,2,1,4.0943445622221,2717.0,7.907283609426348
0,0,1,0,1,8624,0.0,150.0,360.0,1.0,1,1,5.0106352940962555,8624.0,9.06230429314878
1,0,0,0,0,6500,0.0,105.0,360.0,0.0,0,0,4.653960350157523,6500.0,8.779557455883728
1,0,0,0,0,12876,0.0,405.0,360.0,1.0,1,1,6.003887067106539,12876.0,9.463120392418698
1,1,0,0,0,2425,2340.0,143.0,360.0,1.0,1,1,4.962844630259907,4765.0,8.469052816088302
1,0,0,0,0,3750,0.0,100.0,360.0,1.0,2,1,4.605170185988092,3750.0,8.229511118964457
0,1,0,0,0,10047,0.0,146.41216216216216,240.0,1.0,1,1,4.986425672954842,10047.0,9.215029361462314
1,0,0,0,0,1926,1851.0,50.0,360.0,1.0,1,1,3.912023005428146,3777.0,8.236685322712457
1,1,0,0,0,2213,1125.0,146.41216216216216,360.0,1.0,2,1,4.986425672954842,3338.0,8.11312710422178
1,0,0,0,1,10416,0.0,187.0,360.0,0.0,2,0,5.231108616854587,10416.0,9.251098364448351
0,1,0,1,1,7142,0.0,138.0,360.0,1.0,0,1,4.927253685157205,7142.0,8.873748128154395
1,0,0,0,0,3660,5064.0,187.0,360.0,1.0,1,1,5.231108616854587,8724.0,9.07383312732152
1,1,0,0,0,7901,1833.0,180.0,360.0,1.0,0,1,5.19295685089021,9734.0,9.1833801903934
1,0,3,1,0,4707,1993.0,148.0,360.0,1.0,1,1,4.997212273764115,6700.0,8.809862805379057
1,0,1,0,0,37719,0.0,152.0,360.0,1.0,1,1,5.0238805208462765,37719.0,10.537919225261291
1,1,0,0,0,7333,8333.0,175.0,300.0,1.0,0,1,5.1647859739235145,15666.0,9.659248037927183
1,1,1,0,1,3466,1210.0,130.0,360.0,1.0,0,1,4.867534450455582,4676.0,8.450198322591959
1,1,2,1,0,4652,0.0,110.0,360.0,1.0,0,1,4.700480365792417,4652.0,8.445052513638554
1,1,0,0,0,3539,1376.0,55.0,360.0,1.0,0,0,4.007333185232471,4915.0,8.500047032581268
1,1,2,0,0,3340,1710.0,150.0,360.0,0.0,0,0,5.0106352940962555,5050.0,8.527143522269405
1,0,1,1,1,2769,1542.0,190.0,360.0,1.0,1,0,5.247024072160486,4311.0,8.368925174747135
1,1,2,1,0,2309,1255.0,125.0,360.0,0.0,0,0,4.8283137373023015,3564.0,8.1786387885907
1,1,2,1,0,1958,1456.0,60.0,300.0,1.0,2,1,4.0943445622221,3414.0,8.135639903354386
1,1,0,0,0,3948,1733.0,149.0,360.0,0.0,0,0,5.003946305945459,5681.0,8.644882552557126
1,1,0,0,0,2483,2466.0,90.0,180.0,0.0,0,1,4.499809670330265,4949.0,8.506940814951886
1,0,0,0,1,7085,0.0,84.0,360.0,1.0,1,1,4.430816798843313,7085.0,8.865735152124781
1,1,2,0,0,3859,0.0,96.0,360.0,1.0,1,1,4.564348191467836,3859.0,8.258163361537619
1,1,0,0,0,4301,0.0,118.0,360.0,1.0,2,1,4.770684624465665,4301.0,8.366602832783736
1,1,0,0,0,3708,2569.0,173.0,360.0,1.0,2,0,5.153291594497779,6277.0,8.744647438317532
1,0,2,0,0,4354,0.0,136.0,360.0,1.0,0,1,4.912654885736052,4354.0,8.378850241794492
1,1,0,0,0,8334,0.0,160.0,360.0,1.0,1,0,5.075173815233827,8334.0,9.0280988119824
1,1,0,0,1,2083,4083.0,160.0,360.0,1.0,1,1,5.075173815233827,6166.0,8.726805608446096
1,1,3,0,0,7740,0.0,128.0,180.0,1.0,2,1,4.852030263919617,7740.0,8.954156966583772
1,1,0,0,0,3015,2188.0,153.0,360.0,1.0,0,1,5.030437921392435,5203.0,8.556990661290303
0,0,1,1,0,5191,0.0,132.0,360.0,1.0,1,1,4.882801922586371,5191.0,8.55468163582723
1,0,0,0,0,4166,0.0,98.0,360.0,0.0,1,0,4.584967478670572,4166.0,8.334711621820917
1,0,0,0,0,6000,0.0,140.0,360.0,1.0,0,1,4.941642422609304,6000.0,8.699514748210191
1,1,3,1,0,2947,1664.0,70.0,180.0,0.0,2,0,4.248495242049359,4611.0,8.436200032206706
1,1,0,0,0,16692,0.0,110.0,360.0,1.0,1,1,4.700480365792417,16692.0,9.722684841711443
0,1,2,1,0,210,2917.0,98.0,360.0,1.0,1,1,4.584967478670572,3127.0,8.047829357457841
1,1,0,0,0,4333,2451.0,110.0,360.0,1.0,2,0,4.700480365792417,6784.0,8.822322177471738
1,1,1,0,1,3450,2079.0,162.0,360.0,1.0,1,1,5.087596335232384,5529.0,8.617762246337932
1,1,1,1,0,2653,1500.0,113.0,180.0,0.0,0,0,4.727387818712341,4153.0,8.331586243630754
1,1,3,0,0,4691,0.0,100.0,360.0,1.0,1,1,4.605170185988092,4691.0,8.453401058328458
0,0,0,0,1,2500,0.0,93.0,360.0,1.0,2,1,4.532599493153256,2500.0,7.824046010856292
1,0,2,0,0,5532,4648.0,162.0,360.0,1.0,0,1,5.087596335232384,10180.0,9.228180290104513
1,1,2,0,1,16525,1014.0,150.0,360.0,1.0,0,1,5.0106352940962555,17539.0,9.772182251758139
1,1,2,0,0,6700,1750.0,230.0,300.0,1.0,1,1,5.438079308923196,8450.0,9.041921720351219
1,1,2,0,0,2873,1872.0,132.0,360.0,0.0,1,0,4.882801922586371,4745.0,8.464846711044029
1,1,1,0,1,16667,2250.0,86.0,360.0,1.0,1,1,4.454347296253507,18917.0,9.847816267665664
1,1,2,0,0,2947,1603.0,146.41216216216216,360.0,1.0,2,0,4.986425672954842,4550.0,8.422882511944996
0,0,0,1,0,4350,0.0,154.0,360.0,1.0,0,1,5.0369526024136295,4350.0,8.37793112408273
1,1,3,1,0,3095,0.0,113.0,360.0,1.0,0,1,4.727387818712341,3095.0,8.037543185118697
1,1,0,0,0,2083,3150.0,128.0,360.0,1.0,1,1,4.852030263919617,5233.0,8.562740006372207
1,1,0,0,0,10833,0.0,234.0,360.0,1.0,1,1,5.455321115357702,10833.0,9.290352309945568
1,1,2,0,0,8333,0.0,246.0,360.0,1.0,1,1,5.5053315359323625,8333.0,9.027978814382207
1,1,1,1,0,1958,2436.0,131.0,360.0,1.0,0,1,4.875197323201151,4394.0,8.387995252944556
1,0,2,0,0,3547,0.0,80.0,360.0,0.0,0,0,4.382026634673881,3547.0,8.173857454773621
1,1,1,0,0,18333,0.0,500.0,360.0,1.0,2,0,6.214608098422191,18333.0,9.816457993563025
1,1,2,0,1,4583,2083.0,160.0,360.0,1.0,1,1,5.075173815233827,6666.0,8.804775258867686
1,0,0,0,0,2435,0.0,75.0,360.0,1.0,2,0,4.31748811353631,2435.0,7.79770203551669
1,0,0,1,0,2699,2785.0,96.0,360.0,1.0,1,1,4.564348191467836,5484.0,8.609590040682205
1,1,1,1,0,5333,1131.0,186.0,360.0,1.0,2,1,5.225746673713202,6464.0,8.774003600200931
1,0,0,1,0,3691,0.0,110.0,360.0,1.0,0,1,4.700480365792417,3691.0,8.213652703029998
0,0,0,1,1,17263,0.0,225.0,360.0,1.0,1,1,5.41610040220442,17263.0,9.756320761816548
1,1,0,0,0,3597,2157.0,119.0,360.0,0.0,0,0,4.77912349311153,5754.0,8.657650544111494
0,1,1,0,0,3326,913.0,105.0,84.0,1.0,1,1,4.653960350157523,4239.0,8.352082671352637
1,1,0,1,0,2600,1700.0,107.0,360.0,1.0,0,1,4.672828834461906,4300.0,8.366370301681654
1,1,0,0,0,4625,2857.0,111.0,12.0,1.0,2,1,4.709530201312334,7482.0,8.920255414908091
1,1,1,0,1,2895,0.0,95.0,360.0,1.0,1,1,4.553876891600541,2895.0,7.970740390007095
1,0,0,0,0,6283,4416.0,209.0,360.0,0.0,0,0,5.342334251964811,10699.0,9.277905558138606
0,0,0,0,0,645,3683.0,113.0,480.0,1.0,0,1,4.727387818712341,4328.0,8.372860820526318
0,0,0,0,0,3159,0.0,100.0,360.0,1.0,1,1,4.605170185988092,3159.0,8.058010800802085
1,1,2,0,0,4865,5624.0,208.0,360.0,1.0,1,1,5.337538079701318,10489.0,9.258082367961604
1,1,1,1,0,4050,5302.0,138.0,360.0,1.0,0,0,4.927253685157205,9352.0,9.143345503151904
1,1,0,1,0,3814,1483.0,124.0,300.0,1.0,1,1,4.820281565605037,5297.0,8.574895901544526
1,1,2,0,0,3510,4416.0,243.0,360.0,1.0,0,1,5.493061443340548,7926.0,8.97790377375038
1,1,0,0,0,20833,6667.0,480.0,360.0,1.0,2,1,6.173786103901937,27500.0,10.221941283654663
1,0,0,0,0,3583,0.0,96.0,360.0,1.0,2,0,4.564348191467836,3583.0,8.183955717304954
1,1,0,0,1,2479,3013.0,188.0,360.0,1.0,2,1,5.236441962829949,5492.0,8.61104776688786
0,0,1,0,0,13262,0.0,40.0,360.0,1.0,2,1,3.6888794541139363,13262.0,9.492658081928813
1,0,0,1,0,3598,1287.0,100.0,360.0,1.0,0,0,4.605170185988092,4885.0,8.493924564476883
1,1,1,0,0,6065,2004.0,250.0,360.0,1.0,1,1,5.521460917862246,8069.0,8.995784837848506
1,1,2,0,0,3283,2035.0,148.0,360.0,1.0,2,1,4.997212273764115,5318.0,8.578852571802965
1,1,0,0,0,2130,6666.0,70.0,180.0,1.0,1,0,4.248495242049359,8796.0,9.082052351674651
1,0,0,0,0,5815,3666.0,311.0,360.0,1.0,0,0,5.739792912179234,9481.0,9.15704507491796
1,1,3,0,0,3466,3428.0,150.0,360.0,1.0,0,1,5.0106352940962555,6894.0,8.83840674707681
0,1,2,0,0,2031,1632.0,113.0,480.0,1.0,1,1,4.727387818712341,3663.0,8.206037762778815
1,1,0,1,0,3074,1800.0,123.0,360.0,0.0,1,0,4.812184355372417,4874.0,8.491670234185152
1,0,0,0,0,4683,1915.0,185.0,360.0,1.0,1,0,5.220355825078324,6598.0,8.794521851788527
0,0,0,1,0,3400,0.0,95.0,360.0,1.0,0,0,4.553876891600541,3400.0,8.131530710604252
1,1,2,1,0,2192,1742.0,45.0,360.0,1.0,1,1,3.8066624897703196,3934.0,8.277411998949004
1,0,0,0,0,2500,0.0,55.0,360.0,1.0,1,1,4.007333185232471,2500.0,7.824046010856292
1,1,3,0,1,5677,1424.0,100.0,360.0,1.0,0,1,4.605170185988092,7101.0,8.867990898182093
1,1,2,0,1,7948,7166.0,480.0,360.0,1.0,0,1,6.173786103901937,15114.0,9.623376745580666
1,0,0,0,0,4680,2087.0,146.41216216216216,360.0,1.0,1,0,4.986425672954842,6767.0,8.819813136232225
1,1,2,0,1,17500,0.0,400.0,360.0,1.0,0,1,5.991464547107982,17500.0,9.769956159911606
1,1,0,0,0,3775,0.0,110.0,360.0,1.0,1,1,4.700480365792417,3775.0,8.236155661683124
1,1,1,1,0,5285,1430.0,161.0,360.0,0.0,1,1,5.081404364984463,6715.0,8.812099108957337
1,0,1,1,0,2679,1302.0,94.0,360.0,1.0,1,1,4.543294782270004,3981.0,8.289288323000317
1,0,0,1,0,6783,0.0,130.0,360.0,1.0,1,1,4.867534450455582,6783.0,8.82217476094608
1,1,0,0,0,1025,5500.0,216.0,360.0,1.0,0,1,5.375278407684165,6525.0,8.783396232190894
1,1,3,0,0,4281,0.0,100.0,360.0,1.0,2,1,4.605170185988092,4281.0,8.361941906144946
1,0,2,0,0,3588,0.0,110.0,360.0,0.0,0,0,4.700480365792417,3588.0,8.185350223178686
1,0,1,0,0,11250,0.0,196.0,360.0,1.0,1,0,5.278114659230517,11250.0,9.328123407632566
0,0,0,1,1,18165,0.0,125.0,360.0,1.0,2,1,4.8283137373023015,18165.0,9.807251944655302
1,0,0,1,0,2550,2042.0,126.0,360.0,1.0,0,1,4.836281906951478,4592.0,8.432070937999402
1,1,0,0,0,6133,3906.0,324.0,360.0,1.0,2,1,5.780743515792329,10039.0,9.214232786691527
1,0,2,0,0,3617,0.0,107.0,360.0,1.0,1,1,4.672828834461906,3617.0,8.193400231952097
1,1,0,1,0,2917,536.0,66.0,360.0,1.0,0,0,4.189654742026425,3453.0,8.146998697389993
1,1,3,0,0,6417,0.0,157.0,180.0,1.0,0,1,5.056245805348308,6417.0,8.766705997750515
0,1,1,0,0,4608,2845.0,140.0,180.0,1.0,1,1,4.941642422609304,7453.0,8.916371914881694
0,0,0,0,0,2138,0.0,99.0,360.0,0.0,1,0,4.59511985013459,2138.0,7.6676260915849905
0,0,1,0,0,3652,0.0,95.0,360.0,1.0,1,1,4.553876891600541,3652.0,8.20303024171486
1,1,1,1,0,2239,2524.0,128.0,360.0,1.0,2,1,4.852030263919617,4763.0,8.46863300080086
0,1,0,1,0,3017,663.0,102.0,360.0,1.0,1,1,4.624972813284271,3680.0,8.210668031162976
1,1,0,0,0,2768,1950.0,155.0,360.0,1.0,0,1,5.043425116919247,4718.0,8.45914025996762
1,0,0,1,0,3358,0.0,80.0,36.0,1.0,1,0,4.382026634673881,3358.0,8.119100837637486
1,0,0,0,0,2526,1783.0,145.0,360.0,1.0,0,1,4.976733742420574,4309.0,8.368461137615839
0,0,0,0,0,5000,0.0,103.0,360.0,0.0,1,0,4.634728988229636,5000.0,8.517193191416238
1,1,0,0,0,2785,2016.0,110.0,360.0,1.0,0,1,4.700480365792417,4801.0,8.476579508530941
1,1,2,0,1,6633,0.0,146.41216216216216,360.0,0.0,0,0,4.986425672954842,6633.0,8.799812469525556
1,1,1,1,0,2492,2375.0,146.41216216216216,360.0,1.0,0,1,4.986425672954842,4867.0,8.490233009833455
1,1,1,0,0,3333,3250.0,158.0,360.0,1.0,2,1,5.062595033026967,6583.0,8.792245847467877
1,1,0,1,0,2454,2333.0,181.0,360.0,0.0,2,0,5.198497031265826,4787.0,8.473659189392508
1,1,0,0,0,3593,4266.0,132.0,180.0,0.0,0,0,4.882801922586371,7859.0,8.969414650866176
1,1,1,0,0,5468,1032.0,26.0,360.0,1.0,1,1,3.258096538021482,6500.0,8.779557455883728
0,0,0,0,0,2667,1625.0,84.0,360.0,1.0,2,1,4.430816798843313,4292.0,8.36450810375059
1,1,3,0,1,10139,0.0,260.0,360.0,1.0,1,1,5.560681631015528,10139.0,9.22414465295258
1,1,0,0,0,3887,2669.0,162.0,360.0,1.0,1,1,5.087596335232384,6556.0,8.78813593986372
0,1,0,0,0,4180,2306.0,182.0,360.0,1.0,1,1,5.204006687076795,6486.0,8.777401286867264
1,1,2,1,0,3675,242.0,108.0,360.0,1.0,1,1,4.68213122712422,3917.0,8.27308133366583
0,1,1,0,1,19484,0.0,600.0,360.0,1.0,1,1,6.396929655216146,19484.0,9.877348894926433
1,1,0,0,0,5923,2054.0,211.0,360.0,1.0,0,1,5.351858133476067,7977.0,8.984317679911129
1,0,0,1,1,5800,0.0,132.0,360.0,1.0,1,1,4.882801922586371,5800.0,8.66561319653451
1,1,2,0,0,8799,0.0,258.0,360.0,0.0,2,0,5.552959584921617,8799.0,9.08239335764556
1,1,0,1,0,4467,0.0,120.0,360.0,1.0,0,1,4.787491742782046,4467.0,8.404472321352118
1,0,0,0,0,3333,0.0,70.0,360.0,1.0,2,1,4.248495242049359,3333.0,8.11162807830774
1,1,3,0,0,3400,2500.0,123.0,360.0,0.0,0,0,4.812184355372417,5900.0,8.68270762989381
0,0,0,0,0,2378,0.0,9.0,360.0,1.0,2,0,2.1972245773362196,2378.0,7.774015077250727
1,1,0,0,0,3166,2064.0,104.0,360.0,0.0,2,0,4.6443908991413725,5230.0,8.56216655705897
1,1,1,0,0,3417,1750.0,186.0,360.0,1.0,2,1,5.225746673713202,5167.0,8.550047528287184
1,1,0,0,0,5116,1451.0,165.0,360.0,0.0,2,0,5.10594547390058,6567.0,8.789812386190972
1,1,2,0,0,16666,0.0,275.0,360.0,1.0,2,1,5.616771097666572,16666.0,9.721125994942152
1,1,2,1,0,6125,1625.0,187.0,480.0,1.0,1,0,5.231108616854587,7750.0,8.955448122347393
1,1,3,0,0,6406,0.0,150.0,360.0,1.0,1,0,5.0106352940962555,6406.0,8.764990330169104
1,1,2,0,0,3159,461.0,108.0,84.0,1.0,2,1,4.68213122712422,3620.0,8.194229304819817
1,1,0,0,0,3087,2210.0,136.0,360.0,0.0,1,0,4.912654885736052,5297.0,8.574895901544526
1,0,0,0,0,3229,2739.0,110.0,360.0,1.0,2,1,4.700480365792417,5968.0,8.694167141883597
1,1,1,0,0,1782,2232.0,107.0,360.0,1.0,0,1,4.672828834461906,4014.0,8.297543529356284
1,0,0,0,0,3182,2917.0,161.0,360.0,1.0,2,1,5.081404364984463,6099.0,8.715880102296456
1,1,2,0,0,6540,0.0,205.0,360.0,1.0,1,1,5.3230099791384085,6540.0,8.785692444451245
1,0,0,0,0,1836,33837.0,90.0,360.0,1.0,2,0,4.499809670330265,35673.0,10.482149379105689
0,1,0,0,0,3166,0.0,36.0,360.0,1.0,1,1,3.58351893845611,3166.0,8.060224240440958
1,1,1,0,0,1880,0.0,61.0,360.0,1.0,0,0,4.110873864173311,1880.0,7.539027055823995
1,1,1,0,0,2787,1917.0,146.0,360.0,0.0,0,0,4.983606621708336,4704.0,8.456168489578463
1,1,1,0,0,4283,3000.0,172.0,84.0,1.0,0,0,5.147494476813453,7283.0,8.893298144217916
1,1,0,0,0,2297,1522.0,104.0,360.0,1.0,2,1,4.6443908991413725,3819.0,8.247743887225516
0,0,0,1,0,2165,0.0,70.0,360.0,1.0,1,1,4.248495242049359,2165.0,7.68017564043659
1,0,0,0,0,4750,0.0,94.0,360.0,1.0,1,1,4.543294782270004,4750.0,8.465899897028686
1,1,2,0,1,2726,0.0,106.0,360.0,0.0,1,0,4.663439094112067,2726.0,7.9105906122564775
1,1,0,0,0,3000,3416.0,56.0,180.0,1.0,1,1,4.02535169073515,6416.0,8.766550149546351
1,1,2,0,1,6000,0.0,205.0,240.0,1.0,1,0,5.3230099791384085,6000.0,8.699514748210191
1,0,3,0,1,9357,0.0,292.0,360.0,1.0,1,1,5.676753802268282,9357.0,9.143880005275912
1,1,0,0,0,3859,3300.0,142.0,180.0,1.0,0,1,4.955827057601261,7159.0,8.876125585396185
1,1,0,0,1,16120,0.0,260.0,360.0,1.0,2,1,5.560681631015528,16120.0,9.68781601606062
1,0,0,1,0,3833,0.0,110.0,360.0,1.0,0,1,4.700480365792417,3833.0,8.251403065380556
1,1,2,1,1,6383,1000.0,187.0,360.0,1.0,0,0,5.231108616854587,7383.0,8.906935339059165
1,0,0,0,0,2987,0.0,88.0,360.0,0.0,1,0,4.477336814478207,2987.0,8.00202481821611
1,1,0,0,1,9963,0.0,180.0,360.0,1.0,0,1,5.19295685089021,9963.0,9.206633510044856
1,1,2,0,0,5780,0.0,192.0,360.0,1.0,2,1,5.2574953720277815,5780.0,8.662158961666423
0,0,3,0,0,416,41667.0,350.0,180.0,1.0,2,0,5.857933154483459,42083.0,10.647399137646048
1,1,0,1,0,2894,2792.0,155.0,360.0,1.0,0,1,5.043425116919247,5686.0,8.645762292210945
1,1,3,0,0,5703,0.0,128.0,360.0,1.0,2,1,4.852030263919617,5703.0,8.648747631156539
1,0,0,0,0,3676,4301.0,172.0,360.0,1.0,0,1,5.147494476813453,7977.0,8.984317679911129
0,1,1,0,0,12000,0.0,496.0,360.0,1.0,1,1,6.206575926724928,12000.0,9.392661928770137
1,1,0,1,0,2400,3800.0,146.41216216216216,180.0,1.0,2,0,4.986425672954842,6200.0,8.732304571033183
1,1,1,0,0,3400,2500.0,173.0,360.0,1.0,1,1,5.153291594497779,5900.0,8.68270762989381
1,1,2,1,0,3987,1411.0,157.0,360.0,1.0,0,1,5.056245805348308,5398.0,8.59378379357795
1,1,0,0,0,3232,1950.0,108.0,360.0,1.0,0,1,4.68213122712422,5182.0,8.552946361122055
0,0,0,0,0,2900,0.0,71.0,360.0,1.0,0,1,4.2626798770413155,2900.0,7.9724660159745655
1,1,3,0,0,4106,0.0,40.0,180.0,1.0,0,1,3.6888794541139363,4106.0,8.32020459757888
1,1,1,0,0,8072,240.0,253.0,360.0,1.0,2,1,5.53338948872752,8312.0,9.025455532779063
1,1,2,0,0,7583,0.0,187.0,360.0,1.0,2,1,5.231108616854587,7583.0,8.933664178700935
0,0,0,0,1,4583,0.0,133.0,360.0,0.0,1,0,4.890349128221754,4583.0,8.430109084509125
